"Produkttitel","Antal bestilt","Antal returneret","Frekvensen for returneret antal"
"Kérastase Genesis Serum Anti-Chute Fortifiant 90 ml - Hårserum",1014,-10,0.009861932938856016
"Kérastase Nutritive 8h Night Repair Serum",738,-8,0.01084010840108401
"Kérastase Elixir Ultime L'Huile Originale 75 ml - Hårolie",419,-4,0.00954653937947494
"Kérastase Genesis Fondant Renforcateur 200 ml - Balsam",204,-2,0.00980392156862745
"Kérastase Genesis Bain Hydra-Fortifiant Shampoo 250 ml - Shampoo",181,-2,0.011049723756906077
"Redken Acidic Bonding Concentrate Leave-in Treatment 150 ml - Hårkur",122,-1,0.00819672131147541
"Kérastase Elixir Ultime L´Huile Originale Hair Oil 30 ml - Hårolie",120,-1,0.008333333333333333
"Kérastase Genesis Masque Reconstituant 200 ml - Hårkur",90,-3,0.03333333333333333
"KMS Moist Repair Revival Creme 125 ml - Leave-in hårkur",82,0,0
"Kérastase Specifiqué  Bain Riche Dermo-Calm 250 ml - Shampoo",65,0,0
"Kérastase Curl Manifesto Bain Hydratation Douceur Shampoo 250 ml - Shampoo",60,0,0
"Kérastase Genesis Bain Nutri-Fortifiant Shampoo 250 ml - Shampoo",60,-1,0.016666666666666666
"Kérastase Nutritive Masquintense Riche 200 ml",59,-1,0.01694915254237288
"Kérastase Elixir Ultime L'Huile Originale Hair Oil 75ml - Refill",56,-1,0.017857142857142856
"Kérastase Nutritive Nectar Thermique 150 ml - Varmebeskyttelse",54,0,0
"Kérastase Densifique Bain Densité 250 ml - Shampoo",52,0,0
"Kérastase Genesis Defense Thermique 150 ml - Varmebeskyttelse",52,0,0
"Kérastase Elixir Ultime le Bain 250 ml - Shampoo",48,0,0
"Kérastase Nutri-Supplement Split Ends Serum 50 ml",47,0,0
"Kérastase Nutritive Lait Vital 200 ml - Conditioner",47,0,0
"Kérastase Première Bain Décalcifiant Réparateur 250ml - NYHED",42,0,0
"Kérastase Nutri-Supplement Scalp Serum 90 ml - Hårserum",42,0,0
"Kérastase Densifique Mousse Densimorphose 150 ml - Hårskum",40,0,0
"Kérastase Nutritive Bain Satin 250 ml - Shampoo",40,0,0
"Kérastase Résistance Bain Extentioniste 250 ml - Hårshampoo",39,-1,0.02564102564102564
"Kérastase Densifique Fondant Densité 200 ml - Conditioner",37,0,0
"Kérastase Curl Manifesto Crème De Jour Fondamentale Leave-In 150 ml - Krøllecreme",36,-1,0.027777777777777776
"Kérastase Soin Acide Chroma Gloss 210 ml",32,0,0
"Kérastase Discipline Bain Fluidealiste 250 ml - Shampoo",32,0,0
"Kérastase Première Masque Filler Réparateur 200 ml - hårmaske - NYHED",32,0,0
"Kérastase Genesis Homme Serum Fortifiant Anti-chute 90 ml - Hårserum",31,-2,0.06451612903225806
"Kérastase Blond Absolu Bain Ultra-Violet 250 ml - Shampoo",31,0,0
"Kérastase Symbiose Bain Crème Anti-Pelliculaire 250 ml",30,0,0
"Maria Nila Cleansing Powder 60 gr. - Hårpudder",29,0,0
"ghd Original Styler - Glattejern",26,-2,0.07692307692307693
"Kérastase Nutritive Masquintense 200 ml - Hårkur",26,0,0
"Maria Nila Shaping Heat Spray 250 ml - Varmebeskyttelse",25,-8,0.32
"KMS HairPlay Molding Paste 100 ml - Hårvoks",25,0,0
"Kérastase Nutritive Bain Satin Riche 250 ml - Shampoo",25,0,0
"Shu Uemura Ultimate Reset Shampoo 300 ml - Shampoo",25,0,0
"Kérastase Curl Manifesto Masque Beurre Haute Nutrition Hair Mask 200 ml - Hårkur",25,-1,0.04
"Kérastase Résistance Fondant Extentioniste 200 ml - Hårbalsam",24,-3,0.125
"Kérastase Discipline Fondant Fluidealiste 200 ml - Conditioner",23,0,0
"Kérastase Genesis Homme Bain de Masse Épaississant 250 ml - Shampoo",23,0,0
"Kérastase Résistance Sérum Thérapiste 30 ml - Hårserum",22,0,0
"Kérastase Curl Manifesto Fondant Hydratation Essentielle Conditioner 250 ml - Balsam",22,0,0
"Kérastase Blond Absolu Cicaflash 250 ml - Balsam",22,0,0
"Maria Nila Power Powder 2 gr. - Hårpudder",22,0,0
"Maria Nila True Soft Argan Oil 100 ml - Hårolie",22,0,0
"KMS Curlup Control Creme 150 ml - Krøllecreme",21,0,0
"Shu Uemura Ultimate Reset Conditioner 250 ml - Balsam",20,0,0
"Kérastase Elixir Ultime Le Fondant 200 ml - Conditioner",20,0,0
"Shu Uemura Restage Muroto Shampoo 300 ml - Shampoo",19,0,0
"Kérastase Résistance Extentioniste Thermique 150 ml - Varmebeskyttelse",19,0,0
"Kérastase Première Fondant Fluidité Réparateur 250 ml - balsam",18,0,0
"KMS Add Volume Styling Foam 300 ml - Hårskum",17,0,0
"KMS Moist Repair Shampoo 300 ml - Shampoo",16,0,0
"Maria Nila Colour Refresh Cacao Intense 300 ml - Farvende hårkur",16,-1,0.0625
"Shu Uemura Essence Absolue Rich Nourishing Hair Oil-in-Cream 150 ml",16,-1,0.0625
"Kérastase Specifiqué Bain Divalent shampoo",16,0,0
"Kérastase Blond Absolu Bain Lumiére 500 ml - Shampoo",15,0,0
"ghd Max Professional Wide Plate Styler - Glattejern",15,-2,0.13333333333333333
"Kérastase Bain Chroma Respect 500 ml - Shampoo",15,0,0
"Redken All Soft Conditioner 300 ml - Balsam",15,0,0
"Kérastase Genesis Homme Bain de Force Quotiden 250 ml - Shampoo",15,0,0
"Redken Extreme Length Shampoo 300 ml - Hårshampoo",15,0,0
"Shu Uemura Ultimate Reset Mask 200 ml - Hårkur",14,-1,0.07142857142857142
"Shu Uemura Silk Bloom Conditioner 250 ml - Balsam",14,0,0
"Shu Uemura Silk Bloom Treatment 200 ml - Hårkur",13,0,0
"Maria Nila True Soft Argan Oil 30 ml - Hårolie",13,0,0
"Maria Nila True Soft Conditioner 300 ml - Balsam",13,0,0
"Redken Acidic Bonding Concentrate Conditioner 300 ml - Balsam",13,0,0
"Kérastase Densifique Bain Densite Homme 250 ml - Shampoo",13,0,0
"Kérastase Chronologiste Masque Régénérant 200 ml - Hårkur",13,0,0
"Kérastase Curl Manifesto Gelée Curl Contour Gel-Cream 150 ml - Krøllecreme",13,0,0
"Maria Nila True Soft Shampoo 350 ml - Shampoo",13,0,0
"Kérastase Chroma Absolu L´Huile Éclat 75 ml - Hårolie",13,0,0
"Kérastase Fondant Cica Chroma 200 ml",12,0,0
"Redken Styling Spray Wax 150 ml - Hårvoks",12,0,0
"Redken Volume Injection Shampoo 300 ml - Shampoo",12,0,0
"Shu Uemura Urban Moisture Shampoo 300 ml - Shampoo",12,0,0
"Redken All Soft Heavy Cream 250 ml - Hårkur",12,0,0
"Wet Brush Original Detangler - Hårbørste",12,0,0
"Shu Uemura Silk Bloom Shampoo 300 ml - Shampoo",12,0,0
"Kérastase Résistance Masque Extentioniste 200 ml - Hårkur",11,0,0
"Maria Nila True Soft Masque 250 ml - Hårkur",11,0,0
"Maria Nila Colour Refresh Cacao 300 ml - Farvende hårkur",11,0,0
"Kérastase Blond Absolu Cicaplasme Leave-In 150 ml - Hårserum",11,0,0
"BaByliss Rose Quartz Klemkrøllejern 25 mm - Krøllejern",11,-3,0.2727272727272727
"KMS Curlup Perfecting Lotion 100 ml - Krøllecreme",11,0,0
"Kérastase Serum Chroma Thermique Serum 150 ml - Varmebeskyttelse",11,0,0
"Kérastase Discipline Spray Fluidissime Leave-in Spray 150 ml - Varmebeskyttelse",11,0,0
"Shu Uemura Essence Absolue Nourishing Overnight Hair Serum 150 ml",11,-2,0.18181818181818182
"Redken Styling Deep Clean Dry Shampoo 150ml - Tørshampoo",10,-2,0.2
"Redken Styling Texture Paste 75 ml - Hårvoks",10,0,0
"Kérastase Densifique Masque Densité Hair Mask 200 ml - Hårkur",10,0,0
"KMS Curlup Wave Foam 200 ml - Hårskum",10,-5,0.5
"Redken Acidic Bonding Concentrate Shampoo 500 ml - Hårshampoo",10,0,0
"KMS HairPlay Messing Creme 150 ml - Hårvoks",10,-1,0.1
"Maria Nila Dry Shampoo 250 ml - Tørshampoo",10,0,0
"KMS Add Volume Leave-in Conditioner 150 ml - Balsam",10,0,0
"Kérastase Chronologiste Bain Régénérant  - Shampoo",10,0,0
"Kérastase Chronologiste Huile De Parfum 75 ml - Hårolie",10,0,0
"Kérastase Fresh Affair 233 ml - Tørshampoo",10,-6,0.6
"Kérastase Genesis Homme Cire d'épaisseur Texturisante 75 ml - Hårvoks",9,0,0
"Redken Curvaceous Full Swirl Cream Serum 150 ml - Krøllecreme",9,0,0
"Kérastase Résistance Ciment Anti-Usure 200 ml - Hårbalsam",9,0,0
"Kérastase Résistance Masque Therapiste 200 ml - Hårkur",9,-2,0.2222222222222222
"Redken Extreme Length Conditioner 300 ml - Balsam",9,0,0
"Redken Frizz Dismiss Conditioner 300 ml - Balsam",9,-1,0.1111111111111111
"Kérastase Résistance Ciment Thermique Thermo Protector 150 ml - Varmebeskyttelse",9,0,0
"Shu Uemura Nendo Definer Matte Clay 75 ml - Hårvoks",9,0,0
"Redken Styling Root Tease 250 ml - Hårlak",9,0,0
"L’Oréal Pro Serie Expert Metal DX Anti-deposit Protector Concentrated Oil 50 ml - Hårolie",9,0,0
"Redken Acidic Bonding Concentrate Shampoo 300 ml - Hårshampoo",8,0,0
"Kérastase Blond Absolu L´Huile Cicagloss 75 ml - Hårolie",8,0,0
"L'Oréal Pro Tecni.Art Super Dust Powder 7g - Hårpudder",8,0,0
"Redken Frizz Dismiss Shampoo 300 ml – Hårshampoo",8,0,0
"Kérastase Specifiqué Bain Divalent 500 ml - Shampoo",8,0,0
"Kérastase Discipline Kératine Thermique 150 ml - Varmebeskyttelse",8,0,0
"KMS HairPlay Styling Gel 200 ml - Hårgele",8,0,0
"Redken Styling One United Multi-Benefit Treatment 150 ml",8,-1,0.125
"Kérastase Genesis Homme Spray De Force Epaississant 150ml - Thickening Spray",8,0,0
"KMS HairPlay Sea Salt Spray 200 ml - Saltvandsspray",8,0,0
"Kerastàse Concentré Décalcifiant Ultra-Réparateur 250ml - Preshampoo - NYHED",8,0,0
"Kérastase Symbiose Fondant Apaisant Essentiel Conditioner 200 ml",8,0,0
"Kérastase Specifiqué  Bain Prevention 250 ml - Shampoo",8,0,0
"Shu Uemura Color Lustre Brilliant Glaze Shampoo 300 ml - Shampoo",8,0,0
"ghd Chronos - glattejern",8,0,0
"Maria Nila Scalp Brush",8,0,0
"Maria Nila Volume Spray 300 ml - Hårlak",7,0,0
"L’Oréal Pro Serie Expert Absolut Repair Molecular Rinse-Off Mask 250ml",7,0,0
"Maria Nila Quick Dry Heat Spray 150 ml - Varmebeskyttelse",7,0,0
"Kérastase Specifiqué Cure Antichute 42x 6ml - hårbehandling",7,0,0
"Kérastase Bain Riche Chroma Respect 250 ml",7,-2,0.2857142857142857
"Kérastase Blond Absolu Bain Lumiére 250 ml - Shampoo",7,0,0
"Maria Nila Pure Volume Shampoo 350 ml - Shampoo",7,0,0
"Kérastase Blonde Absolu Huile Cicaextreme 100 ml - UTGÅT",7,-2,0.2857142857142857
"Maria Nila Structure Repair Conditioner 300 ml - Balsam",7,-1,0.14285714285714285
"KMS ThermaShape Quick Blow Dry 200 ml - Føntørringsspray",7,0,0
"Shu Uemura Ultimate Reset Serum 30 ml - Hårserum",7,-1,0.14285714285714285
"Shu Uemura Deep Cleanser Delicate Comfort 400 ml - Shampoo",7,0,0
"Shu Uemura Essence Absolue Nourshing Protective Oil 150 ml",7,0,0
"Shu Uemura Urban Moisture Masque 200 ml - Hårkur",7,0,0
"KMS Add Volume Volumizing Spray 200 ml - Volumenspray",7,0,0
"Kérastase Première Pro Bain Décalcifiant Rénovateur 500 ml - Shampoo",7,0,0
"KMS Head Remedy Anti-Dandruff Shampoo 300 ml - Shampoo",7,0,0
"Kérastase Soleil Bain Apres 250 ml - Shampoo",7,0,0
"Shu Uemura Izumi Tonic Shampoo 300 ml",7,0,0
"Kérastase Résistance Bain Force Architecte 250 ml",7,-1,0.14285714285714285
"Kérastase Nutritive Bain Satin Riche 500 ml - Shampoo",6,0,0
"Oway Curly Potion 240 ml - Krøllecreme",6,0,0
"Oway Moisturizing Hair Mask 150 ml - Hårkur",6,0,0
"Shu Uemura Restage Muroto Conditioner 250 ml - Balsam",6,0,0
"Maria Nila Structure Repair Masque 250 ml - Hårkur",6,-1,0.16666666666666666
"Shu Uemura Yubi Blonde Anti-Brass Purple Shampoo 300 ml - shampoo",6,-1,0.16666666666666666
"KMS Add Volume Shampoo 300 ml - Shampoo",6,0,0
"Maria Nila Minerals Clay Wax 100 ml - Hårvoks",6,0,0
"Redken Anti Frizz Hairspray 250 ml - Hårspray",6,0,0
"Oway Volumizing Hair Bath 240 ml - Shampoo",6,0,0
"ghd Bodyguard Heat Protect Spray 120 ml - Varmebeskyttende spray",6,0,0
"Kérastase Elixir Ultime Le Masque Hair Mask 200 ml  - Hårkur",6,0,0
"Redken Styling Max Hold Hairspray 300 ml - Hårlak",6,-2,0.3333333333333333
"Maria Nila Structure Repair Shampoo 350 ml - Shampoo",6,-1,0.16666666666666666
"Kérastase Bain Chroma Respect 500 ml Refill - Shampoo",5,0,0
"Kérastase Résistance Bain Force Architecte Refill 500 ml",5,0,0
"Shu Uemura Urban Moisture Hydro-Nourishing Conditioner 250 ml - Balsam",5,0,0
"Shu Uemura Izumi Tonic Conditioner 250 ml",5,0,0
"Redken All Soft Argan-6 Oil 111 ml - Hårolie",5,0,0
"Maria Nila Luminous Colour Shampoo 350 ml - Shampoo",5,0,0
"Redken Acidic Bonding Concentrate Conditioner 500 ml - Balsam",5,0,0
"KMS TameFrizz Smoothing Lotion 150 ml - Glattecreme",5,0,0
"Shu Uemura Ishi Sculpt Hair Pomade 75 ml - Stylingcreme",5,0,0
"Maria Nila Colour Refresh Cool Cream 300 ml - Farvende hårkur",5,0,0
"Oway Smoothing Conditioner 240 ml - Balsam",5,0,0
"ghd Rise Hot Brush - Varmebørste",5,-1,0.2
"KMS Head Remedy Deep Cleanse Shampoo 300 ml - Shampoo",5,0,0
"Kérastase Specifiqué Bain Vital Dermo-Calm 250 ml - Shampoo",5,0,0
"Maria Nila Pure Volume Conditioner 300 ml - Balsam",5,0,0
"Redken All Soft Shampoo 500 ml",5,-1,0.2
"KMS HairPlay Liquid Wax 100 ml - Hårvoks",5,0,0
"Maria Nila Sheer Silver Shampoo 350 ml - Shampoo",5,0,0
"Kérastase Nutritive Lotion Thermique Sublimatrice 150 ml - Føntørringsspray",4,0,0
"Redken Volume Injection Conditioner 300 ml - Balsam",4,0,0
"Kérastase Chronologiste Pre-cleanse Régénérant 200 ml - Hårkur",4,-3,0.75
"Maria Nila Head & Hair Heal Shampoo 1000 ml - Shampoo",4,0,0
"Maria Nila Sheer Silver Conditioner 300 ml - Balsam",4,0,0
"Shu Uemura Color Lustre Brilliant Glaze Conditioner 250 ml - Balsam",4,0,0
"Shu Uemura Tsuyu Sleek Straightening Dry Oil 200 ml - Føntørringsspray",4,0,0
"Kérastase Curl Manifesto Refresh Absolu Leave-In Spray 190 ml - Krøllecreme",4,0,0
"Maria Nila Minerals Slate Wax 100 ml - Hårvoks",4,-2,0.5
"Kérastase Symbiose Bain Pureté Anti-Pelliculaire Shampoo 250 ml",4,0,0
"Redken Styling Root Lifter 300 ml - Hårskum",4,0,0
"Maria Nila Cream Heat Spray 150 ml - Varmebeskyttelse",4,0,0
"Shu Uemura Essence Absolue Nourshing Protective Oil 50 ml",4,0,0
"Redken Amino Mint Shampoo 300 ml - Shampoo",4,0,0
"Balmain Hair Couture Matt Paste 100 ml - Hårvoks",4,0,0
"Shu Uemura Izumi Tonic Strengthening Energizing Water 150 ml - Hårserum",4,0,0
"Maria Nila True Soft Shampoo 1000 ml - Shampoo",4,0,0
"KMS TameFrizz Smoothing Reconstructor 200 ml - Hårkur",4,0,0
"Maria Nila Salty Mist 150 ml - Saltvandsspray",4,0,0
"KMS Add Volume Root and Body Lift 200 ml - Volumecreme",4,-4,1
"Maria Nila Soothing Dry Shampoo 250 ml",4,0,0
"Redken Styling Strong Hold 400 ml - Hårlak",4,0,0
"KMS HairPlay Playable Texture 200 ml - Hårlak",4,-4,1
"Shu Uemura Ashita Supreme Intense Revitalization 300 ml - Shampoo",4,0,0
"Maria Nila Gabbro Wax 100 ml - Hårvoks",4,-1,0.25
"Redken Extreme Shampoo 300 ml - Shampoo",4,0,0
"Oway Volumizing root spray 160 ml - Volumenspray",4,0,0
"Maria Nila Invisidry Shampoo 100 ml - Tørshampoo",4,0,0
"Oway Curl Priming Cream 150 ml - Krøllecreme",4,0,0
"Kérastase Blonde Absolu Sérum Cicanuit 90 ml - Hårserum",4,0,0
"Kérastase Masque Chroma Filler 200 ml",4,0,0
"L'Oréal Pro Tecni.Art Savage Panache Pure Powder Spray 250 ml - Pudderspray",4,-3,0.75
"L'Oréal Pro Serie Expert Chroma Crème Blue Shampoo 300 ml",4,-1,0.25
"Kérastase Bain Chroma Respect 250 ml - Shampoo",4,0,0
"Kérastase Première Sérum Filler Fondamental 90 ml",4,0,0
"Maria Nila Pure Volume Mousse 150 ml - Hårskum",4,0,0
"Kérastase Premiére Concentré Décalcifiant Ultra-Réparateur 250 ml",4,0,0
"Redken Extreme Conditioner 300 ml - Balsam",4,0,0
"Kérastase Blond Absolu Bain Lumière Shampoo Refill 500 ml",4,0,0
"Redken All Soft Mega Curls Shampoo 300 ml",4,0,0
"Maria Nila Structure Repair Leave In Cream 200 ml - Conditioner",4,0,0
"Shu Uemura Kaze Wave Volume Curl Mousse 150 ml - Hårskum",4,0,0
"Maria Nila Luminous Colour Conditioner 300 ml - Balsam",4,0,0
"Shu Uemura Umou hold Hair Cream 100 ml - Stylingcreme",3,0,0
"Redken Styling Control Hairspray 400 ml - Hårlak",3,0,0
"Maria Nila Finishing Spray 400 ml - Hårlak",3,-1,0.3333333333333333
"Oway Volume & texture Hair Puff 6 gr - Hårpudder",3,0,0
"KMS ThermaShape Hot Flex Spray 200 ml - Varmebeskyttende",3,0,0
"Oway Moisturizing Hair Bath 240 ml - Shampoo",3,0,0
"Shu Uemura Izumi Tonic Mask 200 ml",3,0,0
"Maria Nila Dry Shampoo 100 ml - Tørshampoo",3,0,0
"Balmain Hair Couture Homme Sculpting Wax 100 ml",3,0,0
"Kérastase Résistance Bain Force Architecte 500 ml",3,0,0
"Oway Micro-Stimulating Hair Loss Hair Bath 240 ml - Shampoo",3,0,0
"Maria Nila Pure Volume Booster Masque 50 ml - Hårkur",3,0,0
"KMS ThermaShape 2-in-1 Spray 200 ml - Hårspray",3,0,0
"Kérastase Blonde Absolu Masque Cicaextreme 200 ml - Hårkur",3,0,0
"Shu Uemura Restage Muroto Masque 200 ml - Hårkur",3,0,0
"Oway Plant & Mineral Refresh 36 gr. - Tørshampoo",3,0,0
"Maria Nila Head & Hair Heal Conditioner 300 ml - Balsam",3,0,0
"Oway Silk`n Glow Hair Mask",3,-3,1
"Oway Sea Salt Spray 240 ml - Saltvandsspray",3,0,0
"Redken Blondage High Bright Shampoo 300 ml - Shampoo",3,0,0
"Maria Nila Styling Spray 400 ml - Hårlak",3,0,0
"Kérastase Genesis Hydra-Fortifiant 500 ml - Shampoo",3,0,0
"Maria Nila Colour Refresh Peach 300 ml - Farvende hårkur",3,0,0
"Kérastase Première Pro Bain Décalcifiant Rénovateur Refill 500 ml - Shampoo",3,0,0
"Redken Styling Beach Spray 125 ml",3,0,0
"L'Oréal Pro Tecni.Art Density Mat 100 ml - Hårvoks",3,-2,0.6666666666666666
"Redken All Soft Mega Curls Conditioner 300 ml - Balsam",3,0,0
"ghd Platinum+ Styler Sort - Glattejern",3,0,0
"Redken Styling Thermal Spray 250 ml - Varmebeskyttelse",3,0,0
"weDo Professional Light & Soft Shampoo 300 ml - Shampoo",3,-1,0.3333333333333333
"ghd Curve Soft Curl Tong - Krøllejern",3,0,0
"KMS HairPlay Dry Wax 150 ml - Hårvoks",3,0,0
"KMS Moist Repair Leave-in Conditioner 150 ml - Conditioner",3,0,0
"KMS TameFrizz Shampoo 300 ml - Shampoo",3,0,0
"Kérastase Specifiqué Potentialiste Leave-in 90 ml - Hårserum",3,0,0
"KMS HairPlay Dry Texture Spray 250 ml - Hårlak",3,0,0
"Redken Brews Instant Thickening Spray 125 ml - Hårkur",3,-1,0.3333333333333333
"Maria Nila Luminous Colour Shampoo 1000 ml - Shampoo",3,0,0
"L'Oréal Pro Tecni.Art Fix Design 200 ml - Hårlak",3,0,0
"L'Oréal Professionnel Hair Touch Up Spray Light Brown - sprayfarve",3,0,0
"Redken Extreme Length Sealer Leave-in Treatment 150 ml - Hårkur",3,0,0
"Redken Styling Oil for All 100 ml - Hårolie  UDGÅET",3,-3,1
"Maria Nila Head & Hair Heal Shampoo 350 ml - Shampoo",3,0,0
"Kérastase Blond Absolu Masque Ultra-Violet 200 ml - Hårkur",3,0,0
"Redken All Soft Shampoo 300 ml - Hårshampoo",3,0,0
"Maria Nila Pure Volume Shampoo  1000 ml - Shampoo",3,0,0
"Oway Nurturing Drops 50 ml - Hårserum",3,0,0
"Kérastase Genesis Ampoules Cure Serum Anti-Chute 60 ml - Hårserum",2,-2,1
"KMS CurlUp Style Twisting Style Balm 230 ml - Krøllecreme",2,0,0
"Redken Acidic Color Gloss Shampoo",2,0,0
"Maria Nila Structure Repair Conditioner 1000 ml - Balsam",2,0,0
"Redken Acidic Color Gloss Conditioner",2,0,0
"Shu Uemura Uzu Cotton Definition Cream 75 ml - Krøllecreme",2,0,0
"Maria Nila Colour Refresh Bright Red 300 ml - Farvende hårkur",2,0,0
"weDo Professional Rich & Repair Shampoo 300 ml - Shampoo",2,-1,0.5
"Maria Nila Structure Repair Shampoo 1000 ml - Shampoo",2,0,0
"Redken Styling Powder Grip - Hårpudder",2,0,0
"BaByliss Airstyler Perfect Finish",2,0,0
"Shu Uemura Ashita Supreme Intense Revitalization Serum 90 ml - Hårserum",2,0,0
"Shu Uemura Essence Absolue Nourishing Soothing Scalp Oil Concentrate 50 ml",2,0,0
"Maria Nila Luminous Colour Conditioner 1000 ml - Balsam",2,0,0
"HH Simonsen Signature Styler - Glattejern",2,-1,0.5
"Kérastase Symbiose Masque Revitalisant Essentiel Hair Mask 200 ml",2,0,0
"Oway Shaping Putty 50 ml - Hårvoks",2,0,0
"Maria Nila Structure Repair Booster Masque 50 ml - Hårkur",2,0,0
"Maria Nila Colour Refresh Sand 300 ml - Farvende hårkur",2,0,0
"Kérastase Soleil Huile Sirene 150 ml - Hårolie",2,0,0
"L’Oréal Pro Serie Expert Absolut Repair Molecular Leave-in Mask 100 ml",2,0,0
"Maria Nila Colour Refresh Cacao 100 ml - Farvende hårkur",2,0,0
"Redken Blondage High Bright Conditioner 300 ml - Balsam",2,0,0
"Maria Nila Volume Spray 100 ml - Hårlak",2,0,0
"Oway Rebuilding Hair Mask 150 ml - Hårkur",2,0,0
"Redken Extreme Length Triple Action Treatment 250 ml - Hårkur",2,0,0
"Shu Uemura Ultimate Reset Overnight Serum 90 ml - hårserum",2,0,0
"L'Oréal Pro Tecni.Art Fix Anti-Frizz 250 ml - Anti-krus",2,-2,1
"Oway Precious Wax 50 ml - Hårvoks",2,0,0
"Maria Nila Sheer Silver Booster Masque 50 ml - Hårkur",2,0,0
"Kérastase Soleil Masque Apres Soleil 200 ml - Hårkur",2,-1,0.5
"L'Oréal Pro Tecni.Art Bouncy & Tender 150 ml - Krøllecreme & gelé",2,-1,0.5
"Oway Moisturizing No-Rinse Conditioner 160 ml - Balsam",2,0,0
"Shu Uemura Tsuki Shape Blow Dry Spray 200 ml - Hårprimer",2,0,0
"Kérastase Chronologiste Thermique Régénérant 150 ml - Varmebeskyttelse",2,0,0
"Oway Frequent Use Hair & Scalp Bath 240 ml - Shampoo",2,0,0
"Kérastase Discipline Maskeratine 200 ml - Hårkur",2,0,0
"Redken Frizz Dismiss Mask 250 ml - Hårkur",2,0,0
"Redken Scalp Relief Dandruff Control Shampoo 250 ml - Skælshampoo",2,0,0
"BaByliss Air Style 1000 - Hårtørrer - Levering 3-5 hverdage",2,0,0
"Balmain Hair Couture Couleurs Couture Shampoo 300 ml",2,0,0
"L’Oréal Pro Serie Expert Metal DX Cream Leave-In 100 ml",2,0,0
"Redken Brews Daily Shampoo 300 ml - Hårshampoo",2,-2,1
"Kérastase Blond Absolu Bain Lumiére Shampoo Refill Kit",2,0,0
"Shu Uemura Deep Cleanser Pure Serenity Shampoo 400 ml - Shampoo",2,0,0
"Oway Thermo-Detangling Cloud 240 ml - Varmebeskyttelse",2,0,0
"Redken Styling Touchable Texture 200 ml",2,0,0
"Oway Bodifying Hair Renewer 160 ml - Volumen",2,0,0
"Kérastase Résistance Sérum Extentioniste 50 ml - Hårserum",2,0,0
"Balmain Hair Couture Moisturizing Styling Cream 150 ml",2,0,0
"Redken Frizz Dismiss Rebel Tame Cream 250 ml  - Leave-in creme",2,0,0
"Wedo Moisture & Shine Shampoo 100ml",2,0,0
"HH Simonsen Air Brush i sort - Hårbørste",2,-2,1
"Redken All Soft Conditioner 500 ml - Balsam",2,-1,0.5
"Kérastase Résistance Masque Force Architecte 200 ml - Hårkur",2,0,0
"Redken Extreme Anti-Snap Leave-In Treatment 240 ml - Hårkur",2,0,0
"Redken Extreme Strength Builder Plus Mask 250 ml  - Hårkur",2,0,0
"L’Oréal Pro Serie Expert Metal DX Masque 250 ml  Hårkur",2,0,0
"Maria Nila Styling Spray 100 ml - Hårlak",2,0,0
"Redken Extreme Strength Repair Mask 250 ml - Hårkur",2,0,0
"Maria Nila Colour Refresh Cacao Intense 100 ml - Farvende hårkur",2,-1,0.5
"Kérastase Symbiose Serum Cellulaire Nuit Anti-Pelliculaire Intensif 90 ml",1,0,0
"Redken Blondage High Bright Treatment 250 ml - Shampoo",1,0,0
"L'Oreal Professionnel Infinium Hairspray x 300 ml - Hårlak",1,-1,1
"KMS Moist Repair Cleansing Conditioner 300 ml - Balsam",1,0,0
"Balmain Hair Couture Texturizing Salt Spray 200 ml",1,0,0
"Oway Phytoprotein Mist 160 ml - Leave-in mist",1,0,0
"Shu Uemura Ashita Supreme Intense Revitalization Conditioner 250 ml",1,0,0
"Kérastase Specifiqué Masque Hydra-Apaisant Hair & Scalp Mask 200 ml - Hårkur",1,-1,1
"ghd Bodyguard Heat Protect Spray - Style Gift Set",1,0,0
"KMS Add Volume Solid Shampoo - Shampoo bar",1,0,0
"Nioxin 3D Intensive Deep Protect Density Mask 150 ml - Hårkur",1,0,0
"Balmain Hair Couture Leave-In Conditioning Spray 200 ml",1,0,0
"Maria Nila Coils & Curls Luscious Curl Gel 125 ml - Krøllecreme",1,0,0
"Kérastase Première Huile Gloss Réparatrice 30 ml - hårolie",1,0,0
"L'Oréal Pro Serie Expert Blondifier Gloss Shampoo 300 ml",1,0,0
"Olaplex Bond Maintenance Conditioner No. 5 250 ml - Balsam",1,-1,1
"L'Oréal Pro Serie Expert Blondifier Conditioner 200 ml - Balsam",1,0,0
"Maria Nila Colour Refresh Pearl Silver 100 ml - Farvende hårkur",1,0,0
"Balmain Hair Couture Professional Ceramic Curling Wand 32 mm",1,-1,1
"KMS TameFrizz Conditioner 250 ml - Balsam",1,0,0
"Maria Nila Gabbro Wax 50 ml - Hårvoks",1,-1,1
"Oway Color Protection Hair Bath 50 ml - Shampoo - Udgået",1,0,0
"Oway Frequent Use Conditioner 240 ml - Balsam",1,0,0
"Maria Nila Coils & Curls Oil-In-Cream 100 ml",1,0,0
"weDo Professional Protect Balm 25 g - Lædepomade",1,0,0
"Shu Uemura Gentle Radiance Deep Cleanser Shampoo 400 ml - Shampoo",1,0,0
"Maria Nila True Soft Booster Masque 50 ml - Hårkur",1,0,0
"Kérastase Densifique Density Cure Femme Treatment 30x 6ml - Hårkur",1,0,0
"Maria Nila Extreme Spray 400 ml - Hårlak",1,0,0
"KMS ColorVitality Shampoo 300 ml - Shampoo",1,0,0
"Redken Thickening Retaliate Stemoxydine 90 ml - hårserum",1,0,0
"Nioxin Anti-Hairloss Serum 70 ml - Hårserum",1,0,0
"L’Oréal Pro Serie Expert Absolut Repair Molecular Shampoo 300 ml",1,0,0
"KMS Conscious Style Multi-Benefit Spray 200 ml - Stylingspray",1,0,0
"BaByliss Pro Titanium Air Styler 19 mm 700 watt - varmluftsbørste",1,0,0
"KMS ColorVitality Blonde Shampoo 300 ml - Shampoo",1,0,0
"Maria Nila Curlicue Cream 100 ml - Krøllecreme",1,0,0
"L’Oréal Pro Serie Expert Absolut Repair Molecular Shampoo 500 ml",1,0,0
"Shu Uemura Color Lustre Brilliant Glaze Treatment 200 ml - Hårkur",1,0,0
"weDo Professional Rich & Repair Conditioner 75 ml - Balsam",1,0,0
"KMS Conscious Style Everyday Shampoo 330 ml - Shampoo",1,0,0
"Oway Glossy Nectar 50 ml - Hårolie",1,0,0
"Maria Nila Ocean Spray 150 ml - Saltvandsspray",1,0,0
"ghd Ceramic Vented Radial Brush str. 2 - Rundbørste",1,0,0
"ghd helios - professionel føntørrer, sort",1,0,0
"Maria Nila Shimmer Spray 300 ml - Hårlak",1,0,0
"Balmain Hair Couture Argan Moisturizing Elixir 100 ml - Hårolie",1,0,0
"weDo Professional Light & Soft Conditioner 250 ml - Balsam",1,0,0
"Oway Glamshine Cloud 100 ml - Hårolie",1,0,0
"Redken Color Extend Graydiant Conditioner 250 ml - Balsam",1,0,0
"ghd Mini Paddle-børste - Hårbørste",1,0,0
"Redken Styling Volume Boost 250 ml",1,0,0
"Oway Rebuilding Hair Bath 240 ml - Shampoo",1,0,0
"KMS ColorVitality Conditioner 250 ml - Balsam",1,0,0
"Maria Nila Styling Cream 100 ml - Hårvoks",1,0,0
"Balmain Hair Couture Texturizing Volume Spray 200 ml",1,0,0
"Balmain Hair Couture Couleurs Couture Conditioner 300 ml",1,0,0
"Redken Styling Pliable Paste - Hårvoks",1,-1,1
"Oway Frequent Use Conditioner 50 ml - Balsam",1,0,0
"Oway Silk’n Glow Hair Bath 240 ml - Shampoo",1,0,0
"Maria Nila Texture Spray 250 ml",1,0,0
"Oway Sculpting Mist 240 ml - Hårlak",1,0,0
"Oway Curly Hair bath 50 ml - Hårkur",1,0,0
"Maria Nila Coils & Curls Finishing Treatment 250 ml",1,0,0
"L’Oréal Pro Serie Expert Absolut Repair Molecular Rinse-off Serum 250ml",1,0,0
"Maria Nila Schist Wax 50 ml - Hårvoks",1,-1,1
"Redken Acidic Color Gloss Activated Glass Gloss Treatment",1,0,0
"Maria Nila Cream Heat Spray 75 ml - Varmebeskyttelse",1,0,0
"Maria Nila Finishing Spray 100 ml - Hårlak",1,0,0
"Nioxin Trial Kit System 6 - Chemically Treated Hair",1,0,0
"Maria Nila Colour Refresh Black 100 ml - Farvende hårkur",1,0,0
"Maria Nila Colour Refresh Vivid Violet 100 ml - Farvende hårkur",1,0,0
"ghd Natural Bristle Radial Brush Size 3 - Rundbørste",1,0,0
"Maria Nila Coils & Curls Co-Wash  100 ml",1,0,0
"Redken Frizz Dismiss Instant Deflate Treatment 125 ml - Hårserum",1,0,0
"Kérastase Elixir Ultime L'Huile Rose Oil 100 ml - Hårolie",1,0,0
"L'Oréal Pro Serie Expert Vitamino Color Conditioner 200 ml - Balsam",1,0,0
"Redken Styling Quick Dry Hairspray 400 ml - Hårlak",1,0,0
"Maria Nila Colour Refresh Autumn Red 100 ml - Farvende hårkur",1,0,0
"weDo Professional Rich & Repair Mask 150 ml - Hårkur",1,0,0
"L'Oréal Pro Tecni.Art Morning After Dust 200 ml - Tørshampoo",1,0,0
"Maria Nila Colour Refresh Dusty Pink 300 ml - Farvende hårkur",1,0,0
"Redken Hair Cleansing Cream Shampoo 250 ml - Shampoo",1,0,0
"L'Oréal Pro Serie Expert Absolut Repair Conditioner 200 ml - Balsam",1,0,0
"Maria Nila Extreme Spray 100 ml - Hårlak",1,0,0
"L'Oréal Pro Serie Expert Vitamino Color Shampoo 300 ml",1,0,0
"Kérastase Nutritive Bain Riche Refill 500 ml - Shampoo",1,0,0
"Maria Nila Colour Refresh Lavender 300 ml - Farvende hårkur",1,0,0
"Redken Styling Dry Shampoo Powder 02 - 60 gr. - Tørshampoo",1,0,0
"Oway Smoothing Fluid 100 ml - Hårolie",1,0,0
"Nioxin System 4 Loyalty Kit System 700 ml - Colored/Dry/Damaged Hair",1,-1,1
"Redken Styling Matte Clay 75 ml - Hårvoks",1,0,0
"Maria Nila Colour Refresh Bright Copper 300 ml - Farvende hårkur",1,0,0
"Redken All Soft Mega Curl Hydramelt Nourishing Leave-In Treatment 150 ml",1,0,0
"Balmain Hair Couture Matt Clay Strong 100 ml - Hårvoks",1,0,0
"Kérastase Bain Chroma Respect Shampoo Refill Kit",1,0,0
"Balmain Hair Couture Thermal Protection Spray 200 ml",1,0,0
"Oway Silk’n Glow Hair Mask 150 ml - Hårkur",1,-1,1
"Kérastase Densifique Cure Femme",1,0,0
"ghd helios - professionel føntørrer, hvid",1,0,0
"ghd Ceramic Vented Radial Brush str. 1 - Hårbørste",1,0,0
"L’Oréal Pro Serie Expert Vitamino Color Masque 250 ml - Hårkur",1,-1,1
"KMS Moist Repair Hydrating Oil 100 ml - Hårolie",1,0,0
"L'Oréal Pro Tecni.Art Trans Texture Gel-Foam 150 ml - Hårskum",1,-1,1
"Shu Uemura Yubi Blonde Glow Revealing Shampoo 300 ml - Shampoo",1,0,0
"weDo Professional Rich & Repair Conditioner 250 ml - Balsam",1,0,0
"Oway Glimmering bond 100 ml",1,0,0
"Maria Nila Coils & Curls Weightless Curl Gel 125 ml - Krøllecreme",1,0,0
"Oway Frozen Glaze 150 ml - Hårvoks",1,0,0
"L’Oréal Pro Serie Expert Metal DX Shampoo 500 ml",1,0,0
"Maria Nila True Soft Conditioner 1000 ml - Conditioner",1,0,0
"BaByliss Airstyler Shape & Smooth 800 W - Varmluftsbørste",1,0,0
"Maria Nila Sheer Silver Masque 250 ml - Hårkur",1,0,0
"Oway Smoothing Cream 150 ml - Stylingcreme",1,0,0
"L’Oréal Pro Serie Expert Metal DX Shampoo 300 ml",1,0,0
"Maria Nila Colour Refresh Pearl Silver 300 ml - Farvende hårkur",1,0,0
"Kérastase Symbiose Micro-Peeling Cellulaire 200 ml",1,0,0
"Maria Nila Coils & Curls Co-Wash  350 ml",1,0,0
"Maria Nila Colour Refresh Autumn Red 300 ml - Farvende hårkur",1,0,0
"Kérastase Blond Absolu 2% Pure Hyaluronic Acid Serum 50 ml",1,0,0
"Maria Nila Colour Refresh Black 300 ml - Farvende hårkur",1,0,0
"KMS ColorVitality Blonde Conditioner 250 ml - Balsam",1,0,0
"Maria Nila Colour Refresh White Mix 300 ml - Farvende hårkur",1,0,0
"Maria Nila Colour Refresh Sand 100 ml - Farvende hårkur",1,0,0
"Oway Color Protection Hair Mask 50 ml - Hårkur - Udgået",1,-1,1
"L'Oréal Pro Serie Expert Silver Shampoo 300 ml - Silver shampoo",1,0,0
"Maria Nila Colour Refresh Dusty Pink 100 ml - Farvende hårkur",1,0,0
"BaByliss Glattejern Bronze Shimmer 235 - Glattejern",1,-1,1
"Oway Sebum Balance Hair Bath 240 ml - Shampoo",1,0,0
"KMS Add Power Thickening Spray 200 ml - Varmebeskyttelse",1,0,0
"weDo Professional Moisture & Shine Natural Oil 100 ml - Hårolie",1,0,0
"BaByliss Air Wand",1,0,0
"Shu Uemura Cleansing Oil Gentle Radiance Cleanser 400 ml - UDGÅET",0,-1,
